item_id,n_ratings,mean_rating,title
408,112,4.491071428571429,"Close Shave, A (1995)"
318,298,4.466442953020135,Schindler's List (1993)
169,118,4.466101694915254,"Wrong Trousers, The (1993)"
483,243,4.45679012345679,Casablanca (1942)
114,67,4.447761194029851,Wallace & Gromit: The Best of Aardman Animation (1996)
64,283,4.445229681978798,"Shawshank Redemption, The (1994)"
603,209,4.3875598086124405,Rear Window (1954)
12,267,4.385767790262173,"Usual Suspects, The (1995)"
50,583,4.3584905660377355,Star Wars (1977)
178,125,4.344,12 Angry Men (1957)
