fold,entity,identifier,n_test_ratings
1,item_id,913,2
1,item_id,1307,2
1,item_id,1360,2
1,item_id,1308,2
1,item_id,1549,2
1,item_id,1433,2
1,item_id,1551,2
1,item_id,1364,1
1,item_id,830,1
1,item_id,814,1
1,item_id,1310,1
1,item_id,1565,1
1,item_id,1156,1
1,item_id,852,1
1,item_id,1235,1
1,item_id,1575,1
1,item_id,1526,1
1,item_id,1461,1
1,item_id,1559,1
1,item_id,1576,1
1,item_id,1525,1
1,item_id,1568,1
1,item_id,1619,1
1,item_id,1486,1
1,item_id,1452,1
1,item_id,1548,1
1,item_id,1654,1
1,item_id,1482,1
1,item_id,1657,1
1,item_id,1581,1
1,item_id,1666,1
1,item_id,1675,1
1,item_id,1626,1
1,item_id,1645,1
2,item_id,1374,2
2,item_id,1578,2
2,item_id,1348,1
2,item_id,1320,1
2,item_id,1493,1
2,item_id,599,1
2,item_id,1533,1
2,item_id,1563,1
2,item_id,1505,1
2,item_id,1557,1
2,item_id,1580,1
2,item_id,1363,1
2,item_id,1566,1
2,item_id,677,1
2,item_id,1603,1
2,item_id,1616,1
2,item_id,1596,1
2,item_id,1453,1
2,item_id,1601,1
2,item_id,1651,1
2,item_id,1650,1
2,item_id,1661,1
2,item_id,1584,1
2,item_id,1669,1
2,item_id,1130,1
2,item_id,1679,1
2,item_id,1635,1
2,item_id,1668,1
2,item_id,1604,1
2,item_id,1574,1
2,item_id,1325,1
2,item_id,1341,1
2,item_id,1681,1
2,item_id,1638,1
2,item_id,1640,1
2,item_id,1630,1
3,item_id,1424,3
3,item_id,1472,2
3,item_id,711,1
3,item_id,1373,1
3,item_id,857,1
3,item_id,1457,1
3,item_id,1561,1
3,item_id,1562,1
3,item_id,1586,1
3,item_id,1476,1
3,item_id,1447,1
3,item_id,1579,1
3,item_id,1507,1
3,item_id,1653,1
3,item_id,1595,1
3,item_id,1655,1
3,item_id,1632,1
3,item_id,1647,1
3,item_id,1634,1
3,item_id,1606,1
3,item_id,1329,1
3,item_id,1673,1
3,item_id,1633,1
3,item_id,1648,1
3,item_id,1567,1
3,item_id,1122,1
3,item_id,1366,1
3,item_id,1671,1
3,item_id,1682,1
3,item_id,1637,1
3,item_id,1641,1
4,item_id,1500,2
4,item_id,1354,2
4,item_id,1321,2
4,item_id,1520,1
4,item_id,1236,1
4,item_id,1543,1
4,item_id,1349,1
4,item_id,1571,1
4,item_id,1510,1
4,item_id,1593,1
4,item_id,1569,1
4,item_id,1614,1
4,item_id,1570,1
4,item_id,1599,1
4,item_id,1649,1
4,item_id,1572,1
4,item_id,1660,1
4,item_id,1515,1
4,item_id,1494,1
4,item_id,1677,1
4,item_id,1577,1
4,item_id,1678,1
4,item_id,1680,1
4,item_id,1665,1
4,item_id,1670,1
4,item_id,1636,1
4,item_id,1667,1
4,item_id,1674,1
5,item_id,1464,3
5,item_id,861,3
5,item_id,1497,2
5,item_id,1350,2
5,item_id,1390,2
5,item_id,1417,2
5,item_id,1492,1
5,item_id,1498,1
5,item_id,1309,1
5,item_id,1536,1
5,item_id,1582,1
5,item_id,1343,1
5,item_id,1458,1
5,item_id,1339,1
5,item_id,1587,1
5,item_id,1340,1
5,item_id,1583,1
5,item_id,1624,1
5,item_id,1414,1
5,item_id,1621,1
5,item_id,1618,1
5,item_id,1613,1
5,item_id,1663,1
5,item_id,1201,1
5,item_id,1546,1
5,item_id,1627,1
5,item_id,1676,1
5,item_id,1564,1
5,item_id,1625,1
5,item_id,1352,1
5,item_id,1460,1
5,item_id,1659,1
