fold,model,variant,rmse,precision10,n_users,fit_seconds,evaluation_seconds,fallback_test,fallback_candidates,unknown_users,unknown_items,params
1,KNN,inicial,1.0210855029600903,0.0005382131324004305,929,0.3010858430002372,5.020728118000079,0.00205,0.0024598127235018912,0,41,"{""k"": 40, ""min_k"": 1, ""min_support"": 1}"
1,KNN,ajustado,1.0175497568433254,0.07125941872981699,929,0.28834631800009447,5.159018672999991,0.007,0.16256054791122626,0,41,"{""k"": 60, ""min_k"": 3, ""min_support"": 3}"
2,KNN,inicial,1.0086922245868855,0.0,925,0.29097707900018577,5.455986026999653,0.0019,0.0019210205525636824,0,38,"{""k"": 40, ""min_k"": 1, ""min_support"": 1}"
2,KNN,ajustado,1.0058612653192571,0.07275675675675677,925,0.41637251900010597,5.963365544000226,0.00515,0.15471006934939635,0,38,"{""k"": 60, ""min_k"": 3, ""min_support"": 3}"
3,KNN,inicial,1.0190362684603371,0.00032573289902280137,921,0.36104942300016774,5.352697465999881,0.0017,0.002557617516141231,0,34,"{""k"": 40, ""min_k"": 1, ""min_support"": 1}"
3,KNN,ajustado,1.0166650030939934,0.04603691639522259,921,0.29249827400008144,5.149075749000076,0.00665,0.1672817854751472,0,34,"{""k"": 60, ""min_k"": 3, ""min_support"": 3}"
4,KNN,inicial,1.012616144328883,0.00043010752688172043,930,0.34678477400029806,5.329025291000107,0.00155,0.002990076729990106,0,31,"{""k"": 40, ""min_k"": 1, ""min_support"": 1}"
4,KNN,ajustado,1.008908012960487,0.0756989247311828,930,0.2941154469999674,5.23811254300017,0.00755,0.17050088070478323,0,31,"{""k"": 60, ""min_k"": 3, ""min_support"": 3}"
5,KNN,inicial,1.0220696716203121,0.016143011917659808,923,0.3405183259997102,5.243052855999849,0.002,0.002036888465807294,0,40,"{""k"": 40, ""min_k"": 1, ""min_support"": 1}"
5,KNN,ajustado,1.020317052687486,0.07172264355362948,923,0.27141207199974815,5.1687062109999715,0.0077,0.16790889150312668,0,40,"{""k"": 60, ""min_k"": 3, ""min_support"": 3}"
