variavel,users,items
user_id,0.0,0.0
age,0.0,0.0
gender,0.0,0.0
occupation,0.0,0.0
zip_code,0.0,0.0
item_id,0.0,0.0
title,0.0,0.0
release_date,0.0,1.0
video_release_date,0.0,1682.0
imdb_url,0.0,3.0
unknown,0.0,0.0
Action,0.0,0.0
Adventure,0.0,0.0
Animation,0.0,0.0
Children's,0.0,0.0
Comedy,0.0,0.0
Crime,0.0,0.0
Documentary,0.0,0.0
Drama,0.0,0.0
Fantasy,0.0,0.0
Film-Noir,0.0,0.0
Horror,0.0,0.0
Musical,0.0,0.0
Mystery,0.0,0.0
Romance,0.0,0.0
Sci-Fi,0.0,0.0
Thriller,0.0,0.0
War,0.0,0.0
Western,0.0,0.0
year,0.0,1.0
