occupation,usuarios,avaliacoes,proporcao_usuarios,proporcao_avaliacoes
student,196,21957,0.20784729586426298,0.21957
other,105,10663,0.11134676564156946,0.10663
educator,95,9442,0.1007423117709438,0.09442
administrator,79,7479,0.08377518557794274,0.07479
engineer,67,8175,0.07104984093319194,0.08175
programmer,66,7801,0.06998939554612937,0.07801
librarian,51,5273,0.05408271474019088,0.05273
writer,45,5536,0.04772004241781548,0.05536
executive,32,3403,0.033934252386002124,0.03403
scientist,31,2058,0.032873806998939555,0.02058
artist,28,2308,0.029692470837751856,0.02308
technician,27,3506,0.02863202545068929,0.03506
marketing,26,1950,0.027571580063626724,0.0195
entertainment,18,2095,0.019088016967126194,0.02095
healthcare,16,2804,0.016967126193001062,0.02804
retired,14,1609,0.014846235418875928,0.01609
lawyer,12,1345,0.012725344644750796,0.01345
salesman,12,856,0.012725344644750796,0.00856
none,9,901,0.009544008483563097,0.00901
homemaker,7,299,0.007423117709437964,0.00299
doctor,7,540,0.007423117709437964,0.0054
