year,filmes
1922.0,1
1926.0,1
1930.0,1
1931.0,1
1932.0,1
1933.0,2
1934.0,4
1935.0,4
1936.0,2
1937.0,4
1938.0,3
1939.0,7
1940.0,8
1941.0,5
1942.0,2
1943.0,4
1944.0,5
1945.0,4
1946.0,5
1947.0,5
1948.0,3
1949.0,4
1950.0,7
1951.0,5
1952.0,3
1953.0,2
1954.0,7
1955.0,5
1956.0,4
1957.0,8
1958.0,9
1959.0,4
1960.0,5
1961.0,3
1962.0,5
1963.0,6
1964.0,2
1965.0,5
1966.0,2
1967.0,5
1968.0,6
1969.0,4
1970.0,3
1971.0,7
1972.0,3
1973.0,4
1974.0,8
1975.0,6
1976.0,5
1977.0,4
1978.0,4
1979.0,9
1980.0,8
1981.0,12
1982.0,13
1983.0,5
1984.0,8
1985.0,7
1986.0,15
1987.0,13
1988.0,11
1989.0,15
1990.0,24
1991.0,22
1992.0,37
1993.0,126
1994.0,214
1995.0,219
1996.0,355
1997.0,286
1998.0,65
