fold,model,configuration,params,inner_rmse,seconds
1,SVD,0,"{""n_factors"": 50, ""n_epochs"": 20, ""lr_all"": 0.005, ""reg_all"": 0.02}",0.9434086679667734,0.4367172509998909
1,SVD,1,"{""n_factors"": 50, ""n_epochs"": 30, ""lr_all"": 0.005, ""reg_all"": 0.08}",0.9359154748484438,0.534482374999925
1,SVD,2,"{""n_factors"": 100, ""n_epochs"": 30, ""lr_all"": 0.005, ""reg_all"": 0.08}",0.9349950445996005,0.9604276869999921
2,SVD,0,"{""n_factors"": 50, ""n_epochs"": 20, ""lr_all"": 0.005, ""reg_all"": 0.02}",0.946098132590402,0.43026050900016344
2,SVD,1,"{""n_factors"": 50, ""n_epochs"": 30, ""lr_all"": 0.005, ""reg_all"": 0.08}",0.939162742037324,0.6397113870000339
2,SVD,2,"{""n_factors"": 100, ""n_epochs"": 30, ""lr_all"": 0.005, ""reg_all"": 0.08}",0.9375506979648296,0.8681460640000296
3,SVD,0,"{""n_factors"": 50, ""n_epochs"": 20, ""lr_all"": 0.005, ""reg_all"": 0.02}",0.9441488302015578,0.657044414999973
3,SVD,1,"{""n_factors"": 50, ""n_epochs"": 30, ""lr_all"": 0.005, ""reg_all"": 0.08}",0.9364520956541652,0.7515626639999482
3,SVD,2,"{""n_factors"": 100, ""n_epochs"": 30, ""lr_all"": 0.005, ""reg_all"": 0.08}",0.9359336258556886,0.9755140919999121
4,SVD,0,"{""n_factors"": 50, ""n_epochs"": 20, ""lr_all"": 0.005, ""reg_all"": 0.02}",0.9409282255987478,0.49012976899985006
4,SVD,1,"{""n_factors"": 50, ""n_epochs"": 30, ""lr_all"": 0.005, ""reg_all"": 0.08}",0.9308381013196226,0.6170080889999099
4,SVD,2,"{""n_factors"": 100, ""n_epochs"": 30, ""lr_all"": 0.005, ""reg_all"": 0.08}",0.9265301298283453,1.056798267999966
5,SVD,0,"{""n_factors"": 50, ""n_epochs"": 20, ""lr_all"": 0.005, ""reg_all"": 0.02}",0.945207325713868,0.464562843000067
5,SVD,1,"{""n_factors"": 50, ""n_epochs"": 30, ""lr_all"": 0.005, ""reg_all"": 0.08}",0.9359565704310785,0.5385265439999785
5,SVD,2,"{""n_factors"": 100, ""n_epochs"": 30, ""lr_all"": 0.005, ""reg_all"": 0.08}",0.9348700157536155,0.7482733370000005
