model,fold,variant,mean_train_support,median_train_support,fraction_support_le5,fraction_score_ge4_99
SVD,1,ajustado,140.50958019375673,137.0,0.00021528525296017224,0.05177610333692142
SVD,1,inicial,158.2805166846071,153.0,0.0,0.08815931108719052
SVD,2,ajustado,154.53232432432432,142.0,0.00021621621621621621,0.05481081081081081
SVD,2,inicial,160.31275675675676,155.0,0.0,0.09405405405405405
SVD,3,ajustado,144.98458197611293,134.0,0.00010857763300760044,0.05743756786102063
SVD,3,inicial,160.23365906623235,156.0,0.00010857763300760044,0.09554831704668838
SVD,4,ajustado,160.09677419354838,152.0,0.0,0.048602150537634406
SVD,4,inicial,167.23559139784948,155.0,0.0,0.0875268817204301
SVD,5,ajustado,151.86771397616468,151.0,0.0,0.049079089924160345
SVD,5,inicial,164.3996749729144,160.0,0.0,0.09198266522210184
KNN,1,ajustado,136.78945102260496,140.0,0.1053821313240043,0.08439181916038752
KNN,1,inicial,1.347470398277718,1.0,0.9987082884822389,0.9997847147470398
KNN,2,ajustado,134.9561081081081,139.0,0.22216216216216217,0.12043243243243243
KNN,2,inicial,1.8242162162162163,1.0,0.9975135135135135,0.998054054054054
KNN,3,ajustado,104.68599348534202,49.0,0.29793702497285557,0.1223669923995657
KNN,3,inicial,1.7738327904451683,1.0,0.9976112920738328,0.9960912052117263
KNN,4,ajustado,153.04365591397848,155.0,0.08301075268817204,0.03634408602150538
KNN,4,inicial,1.2969892473118279,1.0,0.9997849462365591,1.0
KNN,5,ajustado,148.61148429035754,161.0,0.09414951245937161,0.0847237269772481
KNN,5,inicial,27.59501625135428,2.0,0.8297941495124593,0.819718309859155
